stock_code,obs
1101,102
1102,102
1103,102
1104,102
1108,102
1109,102
1110,102
1201,102
1203,102
1210,102
1213,100
1215,102
1216,102
1217,102
1218,102
1219,102
1220,102
1225,102
1227,102
1229,102
1231,102
1232,102
1233,102
1234,102
1235,102
1236,102
1240,102
1256,102
1259,102
1264,102
1268,102
1294,102
1295,102
1301,102
1303,102
1304,102
1305,102
1307,102
1308,102
1309,102
1310,102
1312,102
1313,102
1314,102
1315,102
1316,102
1319,102
1321,102
1323,102
1324,102
1325,102
1326,102
1336,102
1337,102
1338,102
1339,102
1340,102
1341,102
1342,102
1402,102
1409,102
1410,102
1413,102
1414,102
1416,102
1417,102
1418,102
1419,102
1423,102
1432,102
1434,102
1435,102
1436,102
1437,102
1438,102
1439,102
1440,102
1441,102
1442,102
1443,102
1444,102
1445,102
1446,102
1447,102
1449,102
1451,102
1452,102
1453,102
1454,102
1455,102
1456,102
1457,102
1459,102
1460,102
1463,102
1464,102
1465,102
1466,102
1467,102
1468,102
1470,102
1471,102
1472,102
1473,102
1474,102
1475,102
1476,102
1477,102
1503,102
1504,102
1506,102
1512,102
1513,102
1514,102
1515,102
1516,102
1517,102
1519,102
1521,102
1522,102
1524,102
1525,102
1526,102
1527,102
1528,102
1529,102
1530,102
1531,102
1532,102
1533,102
1535,102
1536,102
1537,102
1538,100
1539,102
1540,102
1541,102
1558,102
1560,102
1563,102
1565,102
1568,102
1569,102
1570,102
1580,102
1582,102
1583,102
1584,102
1586,102
1587,102
1589,99
1590,102
1591,99
1593,102
1595,102
1597,102
1598,102
1599,102
1603,102
1604,102
1605,102
1608,102
1609,102
1611,102
1612,102
1614,102
1615,102
1616,102
1617,102
1618,102
1623,102
1626,102
1702,102
1707,102
1708,102
1709,102
1710,102
1711,102
1712,102
1713,102
1714,102
1717,102
1718,102
1720,102
1721,102
1722,102
1723,102
1725,102
1726,102
1727,102
1730,102
1731,102
1732,102
1733,102
1734,102
1735,102
1736,102
1737,102
1742,102
1752,102
1760,102
1762,102
1773,102
1776,102
1777,102
1781,102
1783,102
1784,102
1785,102
1786,102
1788,102
1789,102
1795,102
1796,102
1799,102
1802,102
1805,102
1806,102
1808,102
1809,102
1810,102
1813,102
1815,102
1817,102
1903,102
1904,102
1905,102
1906,102
1907,102
1909,102
2002,102
2006,102
2007,102
2008,102
2009,102
2010,102
2012,102
2013,102
2014,102
2015,102
2017,102
2020,102
2022,102
2023,102
2024,102
2025,102
2027,102
2028,102
2029,102
2030,102
2031,102
2032,102
2033,102
2034,102
2035,102
2038,102
2049,102
2059,102
2061,102
2062,102
2063,102
2064,102
2065,102
2066,102
2067,102
2069,102
2070,102
2072,74
2073,102
2101,102
2102,102
2103,102
2104,102
2105,102
2106,102
2107,102
2108,102
2109,102
2114,102
2115,102
2201,102
2204,102
2206,102
2207,102
2208,102
2211,102
2221,102
2227,102
2228,102
2230,102
2231,102
2233,102
2235,102
2236,102
2239,102
2241,102
2243,102
2247,102
2248,102
2250,102
2254,101
2258,102
2301,102
2302,102
2303,102
2305,102
2308,102
2312,102
2313,102
2314,102
2316,102
2317,102
2321,102
2323,102
2324,102
2327,102
2328,102
2329,102
2330,102
2331,102
2332,102
2337,102
2338,102
2340,102
2342,102
2344,102
2345,102
2347,102
2348,102
2349,102
2351,102
2352,102
2353,102
2354,102
2355,102
2356,102
2357,102
2359,102
2360,102
2362,102
2363,102
2364,102
2365,102
2367,102
2368,102
2369,102
2371,102
2373,102
2374,102
2375,102
2376,102
2377,102
2379,102
2380,102
2382,102
2383,102
2385,102
2387,102
2388,102
2390,102
2392,102
2393,102
2395,102
2397,102
2399,102
2401,102
2402,102
2404,102
2405,102
2406,102
2408,102
2409,102
2412,102
2413,102
2414,102
2415,102
2417,102
2419,102
2420,102
2421,102
2423,102
2424,102
2425,102
2426,102
2427,102
2428,102
2429,102
2430,102
2431,102
2432,102
2433,102
2434,102
2436,102
2438,102
2439,102
2440,102
2441,102
2442,102
2444,102
2449,102
2450,102
2451,102
2453,102
2454,102
2455,102
2457,102
2458,102
2459,102
2460,102
2461,102
2462,102
2464,102
2465,102
2466,102
2467,102
2468,102
2471,102
2472,102
2474,102
2476,102
2477,102
2478,102
2480,102
2481,102
2482,102
2483,102
2484,102
2485,102
2486,102
2488,102
2489,102
2491,102
2492,102
2493,102
2495,102
2496,102
2497,102
2498,102
2501,102
2504,102
2505,102
2506,102
2509,102
2511,102
2514,102
2515,102
2516,102
2520,102
2524,102
2527,102
2528,102
2530,102
2534,102
2535,102
2536,102
2537,102
2538,102
2539,102
2540,102
2542,102
2543,102
2545,102
2546,102
2547,102
2548,102
2596,102
2597,102
2601,102
2603,102
2605,102
2606,102
2607,102
2608,102
2609,102
2610,102
2611,102
2612,102
2613,102
2614,102
2615,102
2616,102
2617,102
2618,102
2630,102
2633,102
2634,102
2636,102
2637,102
2640,101
2641,102
2642,102
2643,102
2645,102
2646,102
2701,102
2702,102
2704,102
2705,102
2706,102
2707,102
2712,101
2718,102
2719,102
2722,102
2723,102
2724,102
2726,102
2727,102
2729,102
2731,102
2732,102
2734,102
2736,102
2739,102
2740,102
2743,102
2745,102
2748,102
2751,102
2752,102
2753,102
2754,102
2755,102
2756,102
2762,102
2801,102
2812,102
2816,102
2820,102
2832,102
2834,102
2836,102
2838,102
2845,102
2849,102
2850,102
2851,102
2852,102
2855,102
2867,102
2880,102
2881,102
2882,102
2883,102
2884,102
2885,102
2886,102
2887,102
2889,102
2890,102
2891,102
2892,102
2897,102
2901,102
2903,102
2904,102
2905,102
2906,102
2908,102
2910,102
2911,102
2912,102
2913,102
2915,102
2916,102
2923,102
2924,101
2926,102
2929,102
2937,102
2939,102
2941,100
2945,102
2947,102
2948,101
2949,102
3002,102
3003,102
3004,102
3005,102
3006,102
3008,102
3010,102
3011,102
3013,102
3014,102
3015,102
3016,102
3017,102
3018,102
3019,102
3021,102
3022,102
3023,102
3024,102
3025,102
3026,102
3027,102
3028,102
3029,102
3030,102
3031,102
3032,102
3033,102
3034,102
3035,102
3036,102
3037,102
3038,102
3040,102
3041,102
3042,102
3043,102
3044,102
3045,102
3046,102
3047,102
3048,102
3049,102
3050,102
3051,102
3052,102
3054,102
3055,102
3056,102
3057,102
3058,102
3059,102
3060,102
3062,102
3064,101
3066,102
3067,102
3071,102
3073,102
3078,102
3081,102
3083,101
3085,101
3086,102
3088,102
3090,102
3092,102
3093,102
3094,102
3095,102
3105,102
3114,102
3115,102
3118,102
3122,102
3128,102
3130,102
3131,102
3135,102
3138,102
3141,102
3147,102
3149,102
3150,102
3152,102
3158,102
3162,102
3163,102
3164,102
3167,102
3168,102
3169,102
3171,102
3176,102
3178,102
3188,102
3189,102
3191,102
3205,102
3206,102
3207,102
3209,102
3211,102
3213,102
3217,102
3218,102
3219,102
3221,102
3224,102
3226,99
3227,102
3228,102
3229,102
3230,102
3231,102
3232,102
3234,102
3236,102
3252,102
3257,102
3259,102
3260,102
3264,102
3265,102
3266,102
3268,102
3272,102
3276,101
3284,102
3285,102
3287,102
3288,102
3289,102
3290,102
3293,102
3294,102
3296,102
3297,102
3303,102
3305,102
3306,102
3308,102
3310,102
3311,102
3312,102
3313,102
3317,102
3321,102
3322,102
3323,102
3324,102
3325,102
3332,102
3338,102
3339,102
3346,102
3349,102
3354,102
3356,102
3357,102
3360,102
3362,102
3363,102
3372,102
3373,102
3374,102
3376,102
3379,102
3380,102
3388,102
3390,102
3402,102
3406,102
3413,102
3416,102
3419,102
3426,99
3430,102
3432,102
3434,102
3437,102
3438,102
3441,102
3443,102
3444,102
3447,102
3450,102
3455,102
3465,102
3466,102
3467,102
3479,102
3481,102
3483,102
3484,102
3489,102
3490,102
3491,102
3492,102
3494,102
3498,102
3499,102
3501,102
3504,102
3508,102
3511,102
3512,102
3515,102
3516,102
3518,102
3520,102
3521,102
3522,102
3523,102
3526,102
3527,102
3528,102
3529,102
3530,102
3531,102
3532,102
3533,102
3535,102
3537,102
3540,102
3541,102
3543,102
3545,102
3546,102
3548,102
3550,102
3551,102
3552,102
3555,102
3556,102
3557,102
3558,102
3563,102
3564,102
3567,102
3570,102
3576,102
3577,102
3580,102
3581,102
3583,102
3587,102
3588,102
3591,102
3592,102
3593,102
3594,102
3596,102
3597,102
3605,102
3607,102
3609,102
3611,101
3615,102
3617,102
3622,102
3623,102
3624,102
3625,102
3628,102
3629,101
3630,102
3631,102
3632,101
3645,102
3646,102
3652,102
3653,102
3661,102
3663,102
3664,102
3665,102
3666,102
3669,102
3672,102
3673,102
3675,102
3679,102
3680,102
3684,102
3685,102
3686,102
3687,102
3689,102
3691,102
3693,102
3694,102
3701,102
3702,102
3703,102
3704,102
3705,102
3706,102
3707,102
3708,102
3709,102
3710,102
3711,102
3712,102
3713,102
3714,102
3715,102
3716,102
3717,102
4102,102
4104,102
4105,102
4106,102
4107,102
4108,102
4109,102
4111,102
4113,102
4114,101
4116,102
4119,102
4120,101
4121,102
4123,102
4126,102
4127,102
4128,102
4129,102
4130,102
4131,102
4133,102
4137,102
4138,102
4139,102
4142,102
4147,102
4148,102
4153,102
4154,102
4155,102
4157,102
4160,102
4161,102
4162,102
4163,102
4164,102
4166,102
4167,102
4168,102
4169,67
4171,102
4173,102
4174,102
4175,102
4178,51
4183,101
4188,102
4190,102
4192,102
4198,102
4205,101
4207,102
4303,102
4304,102
4305,100
4306,102
4401,102
4402,102
4406,102
4413,102
4414,102
4416,102
4417,102
4419,102
4420,102
4426,102
4430,102
4432,102
4433,102
4438,102
4439,102
4440,102
4441,102
4442,102
4502,102
4503,102
4506,102
4510,102
4513,102
4523,102
4526,102
4527,102
4528,102
4529,102
4530,102
4532,102
4533,102
4534,102
4535,101
4536,102
4538,102
4540,102
4541,102
4542,102
4543,102
4545,102
4549,102
4550,102
4551,102
4552,102
4554,102
4555,102
4556,102
4557,102
4558,102
4560,102
4561,102
4562,102
4563,102
4564,102
4566,102
4568,102
4569,102
4571,102
4572,102
4576,102
4577,102
4580,102
4581,102
4583,102
4584,102
4585,102
4588,102
4590,102
4609,102
4702,102
4706,101
4707,102
4711,102
4714,102
4716,102
4720,102
4721,102
4722,102
4726,102
4728,102
4729,102
4735,102
4736,102
4737,102
4739,102
4741,102
4743,102
4744,102
4745,102
4746,102
4747,102
4749,102
4754,102
4755,102
4760,102
4763,102
4764,102
4766,102
4767,102
4768,102
4770,102
4771,102
4772,102
4804,99
4806,102
4807,102
4903,102
4904,102
4905,102
4906,102
4907,102
4908,102
4909,102
4911,102
4912,102
4915,102
4916,102
4919,102
4923,102
4924,102
4927,102
4930,102
4931,102
4933,102
4934,102
4935,102
4938,102
4939,102
4942,102
4943,102
4946,102
4949,102
4950,102
4951,102
4952,102
4953,102
4956,102
4958,102
4960,102
4961,102
4966,102
4967,102
4968,102
4971,102
4972,102
4973,102
4974,102
4976,102
4977,102
4979,102
4987,99
4989,102
4991,102
4994,102
4995,102
4999,102
5007,102
5009,102
5011,102
5013,102
5014,102
5015,102
5016,101
5201,102
5202,102
5203,102
5205,102
5206,102
5209,102
5210,102
5211,102
5212,102
5213,102
5215,102
5220,102
5222,102
5223,102
5225,102
5227,102
5228,102
5230,102
5234,102
5236,102
5243,102
5244,102
5245,102
5251,102
5258,102
5263,102
5269,102
5272,102
5274,102
5276,100
5278,102
5283,102
5284,102
5285,102
5287,102
5288,102
5289,102
5291,102
5292,102
5299,102
5301,102
5302,102
5306,102
5309,102
5310,102
5312,102
5314,102
5315,102
5321,102
5324,102
5328,102
5340,102
5344,102
5345,102
5347,102
5348,102
5351,102
5353,102
5355,102
5356,102
5364,102
5371,102
5381,102
5386,101
5388,102
5392,102
5398,102
5403,102
5410,102
5425,102
5426,102
5432,102
5434,102
5438,102
5439,102
5443,102
5450,102
5452,102
5455,101
5457,102
5460,102
5464,102
5465,102
5468,102
5469,102
5471,102
5474,102
5475,102
5478,102
5481,102
5483,102
5484,102
5487,102
5488,102
5489,102
5490,102
5493,102
5498,102
5508,102
5511,102
5512,102
5514,102
5515,102
5516,102
5519,102
5520,102
5521,102
5522,102
5523,101
5525,102
5529,102
5530,102
5531,102
5533,102
5534,102
5536,102
5538,102
5543,101
5546,102
5547,102
5548,101
5601,102
5603,102
5604,102
5607,102
5608,102
5609,102
5701,102
5703,100
5704,102
5706,102
5864,102
5871,102
5876,102
5878,102
5880,102
5902,102
5903,102
5904,102
5905,102
5906,100
5907,102
6005,102
6015,102
6016,102
6020,102
6021,102
6023,101
6024,102
6026,102
6028,72
6101,102
6103,102
6104,102
6108,102
6109,102
6111,102
6112,102
6113,102
6114,102
6115,102
6116,102
6117,102
6118,102
6120,102
6121,102
6122,102
6123,102
6124,102
6125,102
6126,102
6127,102
6128,102
6129,102
6130,102
6133,102
6134,102
6136,102
6138,102
6139,102
6140,102
6141,102
6142,102
6143,102
6144,102
6146,102
6147,102
6148,102
6150,102
6151,102
6152,102
6153,102
6154,102
6155,102
6156,102
6158,102
6160,102
6161,102
6163,102
6164,102
6165,102
6166,102
6167,102
6168,102
6169,102
6170,102
6171,102
6173,102
6174,102
6175,102
6176,102
6177,102
6179,102
6180,102
6182,102
6183,102
6184,102
6185,102
6186,102
6187,102
6188,102
6189,102
6190,102
6191,102
6192,102
6194,101
6195,102
6196,102
6197,102
6198,102
6199,102
6201,102
6202,102
6203,102
6204,102
6205,102
6206,102
6207,101
6208,102
6209,102
6210,102
6212,101
6213,102
6214,102
6215,102
6216,102
6217,102
6218,102
6219,102
6220,102
6221,102
6222,102
6223,102
6224,102
6225,102
6226,102
6227,102
6228,102
6229,102
6230,102
6231,102
6233,102
6234,102
6235,102
6236,99
6237,102
6239,102
6240,102
6241,102
6242,101
6243,102
6244,102
6245,102
6246,102
6248,102
6257,102
6259,102
6261,102
6263,102
6264,102
6265,102
6266,102
6269,102
6270,102
6271,102
6272,102
6274,102
6275,102
6276,102
6277,102
6278,102
6279,102
6281,102
6282,102
6283,102
6284,102
6285,102
6290,102
6291,102
6292,102
6294,102
6405,102
6409,102
6411,102
6412,102
6414,102
6415,102
6416,102
6417,102
6418,102
6419,102
6423,102
6425,102
6426,102
6431,102
6432,102
6435,102
6438,102
6441,102
6442,102
6443,102
6446,102
6449,102
6451,102
6456,102
6461,102
6462,102
6464,102
6465,102
6469,102
6470,102
6472,102
6474,102
6477,102
6482,102
6485,102
6486,102
6488,102
6491,102
6492,102
6494,102
6496,102
6498,102
6499,102
6504,102
6505,102
6506,102
6508,102
6509,102
6510,102
6512,101
6515,102
6516,102
6517,102
6523,102
6525,102
6526,102
6527,101
6530,102
6531,102
6532,102
6533,102
6534,102
6535,102
6538,102
6541,102
6542,102
6546,102
6547,102
6548,102
6550,102
6552,102
6556,102
6558,102
6560,102
6561,102
6568,102
6569,102
6570,102
6573,102
6574,102
6576,102
6577,102
6578,102
6579,102
6581,102
6582,102
6584,102
6585,102
6588,102
6589,102
6590,102
6591,102
6592,102
6593,102
6596,102
6597,102
6598,102
6603,102
6605,102
6606,102
6609,102
6612,102
6613,102
6614,102
6615,102
6616,102
6617,102
6620,102
6624,102
6625,102
6629,102
6637,102
6640,102
6641,102
6642,102
6643,102
6645,102
6649,102
6651,102
6654,102
6655,102
6657,102
6658,102
6661,101
6662,101
6664,102
6666,102
6667,102
6668,102
6669,102
6670,102
6671,102
6672,102
6674,102
6679,102
6680,102
6683,102
6684,102
6689,102
6690,102
6691,102
6692,102
6693,102
6695,102
6697,102
6698,102
6703,102
6706,102
6708,102
6712,102
6715,102
6716,102
6719,102
6720,102
6721,102
6722,102
6725,102
6727,102
6728,102
6730,102
6732,102
6733,102
6735,101
6739,102
6741,102
6742,102
6743,102
6751,102
6752,102
6753,102
6754,102
6756,102
6757,102
6761,102
6762,102
6763,102
6767,101
6768,102
6770,102
6771,102
6776,102
6781,102
6782,102
6785,102
6788,102
6789,102
6790,102
6791,102
6792,102
6794,102
6796,102
6799,102
6803,102
6804,102
6805,102
6806,99
6807,102
6811,102
6821,102
6823,102
6829,102
6830,102
6831,102
6834,102
6835,102
6838,102
6840,102
6841,102
6843,102
6844,102
6846,102
6854,102
6855,102
6856,102
6859,102
6861,102
6862,102
6863,102
6865,102
6869,102
6870,101
6872,102
6873,102
6874,102
6875,102
6877,101
6881,102
6884,101
6885,102
6887,102
6890,102
6894,102
6895,102
6899,102
6901,102
6902,102
6903,102
6904,100
6906,102
6907,102
6908,75
6909,102
6910,102
6913,102
6914,102
6916,102
6918,102
6919,102
6921,102
6922,102
6923,102
6924,102
6925,102
6928,102
6929,101
6931,102
6933,102
6934,102
6936,102
6937,102
6944,102
6949,102
6951,102
6952,102
6953,102
6955,102
6957,102
6958,102
6961,102
6962,102
6965,102
6967,101
6968,102
6969,102
6971,102
6982,102
6988,102
6994,102
6996,102
6997,101
7402,102
7547,102
7556,102
7584,102
7610,102
7631,102
7642,102
7703,102
7704,102
7705,102
7708,102
7709,102
7711,102
7712,102
7713,102
7714,102
7715,102
7716,102
7717,102
7718,102
7721,102
7722,102
7723,102
7728,102
7730,102
7732,102
7734,102
7736,102
7738,102
7740,102
7743,102
7744,102
7747,102
7749,102
7750,102
7751,102
7753,102
7757,102
7760,53
7765,102
7767,102
7769,102
7770,102
7777,102
7780,102
7782,102
7786,102
7788,102
7791,102
7792,102
7794,59
7795,102
7799,102
7805,102
7810,102
7811,75
7820,54
7821,59
7822,72
7823,101
7828,57
8011,102
8016,102
8021,102
8024,102
8027,102
8028,102
8032,102
8033,102
8034,102
8038,102
8039,102
8040,102
8042,102
8043,102
8044,102
8045,102
8046,102
8047,102
8048,102
8049,102
8050,102
8054,102
8059,102
8064,102
8066,102
8067,102
8068,102
8069,101
8070,102
8071,102
8072,102
8074,102
8076,102
8077,100
8080,102
8081,102
8083,102
8084,102
8085,102
8086,102
8087,102
8088,102
8089,102
8091,102
8092,102
8093,102
8096,102
8097,102
8099,102
8101,102
8102,102
8103,102
8104,102
8105,102
8107,102
8109,102
8110,102
8111,102
8112,102
8114,102
8121,102
8131,102
8147,102
8150,102
8155,102
8162,102
8163,102
8171,102
8176,102
8182,102
8183,102
8201,102
8210,102
8213,102
8215,102
8222,102
8227,102
8234,102
8240,102
8249,102
8255,102
8261,102
8271,102
8272,102
8277,102
8279,102
8284,102
8289,102
8291,102
8299,102
8341,102
8342,102
8349,102
8354,102
8358,101
8367,102
8374,102
8383,102
8390,101
8401,102
8403,102
8404,102
8409,102
8410,102
8411,102
8415,102
8416,102
8421,102
8422,102
8423,102
8424,102
8426,102
8429,102
8431,102
8432,102
8433,102
8435,102
8436,102
8437,102
8438,102
8440,102
8442,102
8443,102
8444,100
8446,102
8450,102
8454,102
8455,102
8462,102
8463,102
8464,102
8466,102
8467,102
8472,102
8473,102
8476,102
8477,102
8478,102
8481,102
8482,102
8487,102
8488,102
8489,102
8499,102
8905,102
8906,102
8908,102
8916,102
8917,102
8921,101
8923,100
8924,102
8926,102
8927,102
8928,102
8929,102
8930,102
8931,102
8932,102
8933,102
8935,102
8936,102
8937,102
8938,102
8940,102
8941,102
8942,102
8996,102
9103,102
9105,102
9110,101
9136,102
9802,102
9902,102
9904,102
9905,102
9906,102
9907,102
9908,102
9910,102
9911,102
9912,102
9914,102
9917,102
9918,102
9919,102
9921,102
9924,102
9925,102
9926,102
9927,102
9928,102
9929,102
9930,102
9931,102
9933,102
9934,102
9935,102
9937,102
9938,102
9939,102
9940,102
9941,102
9942,102
9943,102
9944,102
9945,102
9946,102
9949,102
9950,102
9951,102
9955,102
9958,102
9960,102
9962,102
4195,3
4582,3
7768,3
7803,3
7818,3
7827,3
1780,3
3485,3
6945,3
6983,3
6986,3
7772,3
7814,3
7819,3
7839,3
7842,3
